time, x
0.000000, 0.100000
0.010000, 0.100396
0.020000, 0.100793
0.030000, 0.101191
0.040000, 0.101591
0.050000, 0.101992
0.060000, 0.102393
0.070000, 0.102796
0.080000, 0.103200
0.090000, 0.103606
0.100000, 0.104012
0.110000, 0.104420
0.120000, 0.104829
0.130000, 0.105239
0.140000, 0.105650
0.150000, 0.106062
0.160000, 0.106475
0.170000, 0.106890
0.180000, 0.107306
0.190000, 0.107723
0.200000, 0.108141
0.210000, 0.108560
0.220000, 0.108981
0.230000, 0.109402
0.240000, 0.109825
0.250000, 0.110249
0.260000, 0.110674
0.270000, 0.111100
0.280000, 0.111528
0.290000, 0.111956
0.300000, 0.112386
0.310000, 0.112817
0.320000, 0.113249
0.330000, 0.113682
0.340000, 0.114116
0.350000, 0.114552
0.360000, 0.114989
0.370000, 0.115426
0.380000, 0.115865
0.390000, 0.116305
0.400000, 0.116747
0.410000, 0.117189
0.420000, 0.117633
0.430000, 0.118078
0.440000, 0.118524
0.450000, 0.118971
0.460000, 0.119419
0.470000, 0.119868
0.480000, 0.120319
0.490000, 0.120770
0.500000, 0.121223
0.510000, 0.121677
0.520000, 0.122132
0.530000, 0.122588
0.540000, 0.123046
0.550000, 0.123504
0.560000, 0.123964
0.570000, 0.124425
0.580000, 0.124887
0.590000, 0.125350
0.600000, 0.125814
0.610000, 0.126279
0.620000, 0.126746
0.630000, 0.127213
0.640000, 0.127682
0.650000, 0.128152
0.660000, 0.128623
0.670000, 0.129095
0.680000, 0.129568
0.690000, 0.130042
0.700000, 0.130518
0.710000, 0.130995
0.720000, 0.131472
0.730000, 0.131951
0.740000, 0.132431
0.750000, 0.132912
0.760000, 0.133394
0.770000, 0.133877
0.780000, 0.134362
0.790000, 0.134847
0.800000, 0.135334
0.810000, 0.135821
0.820000, 0.136310
0.830000, 0.136800
0.840000, 0.137291
0.850000, 0.137783
0.860000, 0.138276
0.870000, 0.138770
0.880000, 0.139266
0.890000, 0.139762
0.900000, 0.140259
0.910000, 0.140758
0.920000, 0.141257
0.930000, 0.141758
0.940000, 0.142260
0.950000, 0.142763
0.960000, 0.143267
0.970000, 0.143772
0.980000, 0.144278
0.990000, 0.144785
1.000000, 0.145293
1.010000, 0.145802
1.020000, 0.146312
1.030000, 0.146823
1.040000, 0.147336
1.050000, 0.147849
1.060000, 0.148363
1.070000, 0.148879
1.080000, 0.149395
1.090000, 0.149913
1.100000, 0.150431
1.110000, 0.150951
1.120000, 0.151472
1.130000, 0.151993
1.140000, 0.152516
1.150000, 0.153039
1.160000, 0.153564
1.170000, 0.154090
1.180000, 0.154616
1.190000, 0.155144
1.200000, 0.155673
1.210000, 0.156202
1.220000, 0.156733
1.230000, 0.157264
1.240000, 0.157797
1.250000, 0.158331
1.260000, 0.158865
1.270000, 0.159401
1.280000, 0.159937
1.290000, 0.160475
1.300000, 0.161013
1.310000, 0.161553
1.320000, 0.162093
1.330000, 0.162634
1.340000, 0.163177
1.350000, 0.163720
1.360000, 0.164264
1.370000, 0.164809
1.380000, 0.165355
1.390000, 0.165902
1.400000, 0.166450
1.410000, 0.166999
1.420000, 0.167548
1.430000, 0.168099
1.440000, 0.168651
1.450000, 0.169203
1.460000, 0.169756
1.470000, 0.170311
1.480000, 0.170866
1.490000, 0.171422
1.500000, 0.171979
1.510000, 0.172537
1.520000, 0.173095
1.530000, 0.173655
1.540000, 0.174216
1.550000, 0.174777
1.560000, 0.175339
1.570000, 0.175902
1.580000, 0.176466
1.590000, 0.177031
1.600000, 0.177596
1.610000, 0.178163
1.620000, 0.178730
1.630000, 0.179298
1.640000, 0.179867
1.650000, 0.180437
1.660000, 0.181008
1.670000, 0.181579
1.680000, 0.182151
1.690000, 0.182724
1.700000, 0.183298
1.710000, 0.183873
1.720000, 0.184448
1.730000, 0.185024
1.740000, 0.185601
1.750000, 0.186179
1.760000, 0.186758
1.770000, 0.187337
1.780000, 0.187917
1.790000, 0.188498
1.800000, 0.189080
1.810000, 0.189662
1.820000, 0.190245
1.830000, 0.190829
1.840000, 0.191413
1.850000, 0.191999
1.860000, 0.192585
1.870000, 0.193171
1.880000, 0.193759
1.890000, 0.194347
1.900000, 0.194936
1.910000, 0.195526
1.920000, 0.196116
1.930000, 0.196707
1.940000, 0.197299
1.950000, 0.197891
1.960000, 0.198484
1.970000, 0.199078
1.980000, 0.199672
1.990000, 0.200267
2.000000, 0.200863
2.010000, 0.201459
2.020000, 0.202056
2.030000, 0.202654
2.040000, 0.203252
2.050000, 0.203851
2.060000, 0.204450
2.070000, 0.205050
2.080000, 0.205651
2.090000, 0.206252
2.100000, 0.206854
2.110000, 0.207457
2.120000, 0.208060
2.130000, 0.208664
2.140000, 0.209268
2.150000, 0.209873
2.160000, 0.210478
2.170000, 0.211084
2.180000, 0.211691
2.190000, 0.212298
2.200000, 0.212906
2.210000, 0.213514
2.220000, 0.214123
2.230000, 0.214732
2.240000, 0.215342
2.250000, 0.215952
2.260000, 0.216563
2.270000, 0.217175
2.280000, 0.217786
2.290000, 0.218399
2.300000, 0.219012
2.310000, 0.219625
2.320000, 0.220239
2.330000, 0.220853
2.340000, 0.221468
2.350000, 0.222083
2.360000, 0.222699
2.370000, 0.223315
2.380000, 0.223932
2.390000, 0.224549
2.400000, 0.225167
2.410000, 0.225784
2.420000, 0.226403
2.430000, 0.227022
2.440000, 0.227641
2.450000, 0.228260
2.460000, 0.228880
2.470000, 0.229501
2.480000, 0.230122
2.490000, 0.230743
2.500000, 0.231365
2.510000, 0.231986
2.520000, 0.232609
2.530000, 0.233232
2.540000, 0.233855
2.550000, 0.234478
2.560000, 0.235102
2.570000, 0.235726
2.580000, 0.236350
2.590000, 0.236975
2.600000, 0.237600
2.610000, 0.238225
2.620000, 0.238851
2.630000, 0.239477
2.640000, 0.240104
2.650000, 0.240730
2.660000, 0.241357
2.670000, 0.241984
2.680000, 0.242612
2.690000, 0.243239
2.700000, 0.243867
2.710000, 0.244496
2.720000, 0.245124
2.730000, 0.245753
2.740000, 0.246382
2.750000, 0.247011
2.760000, 0.247641
2.770000, 0.248271
2.780000, 0.248900
2.790000, 0.249531
2.800000, 0.250161
2.810000, 0.250792
2.820000, 0.251422
2.830000, 0.252053
2.840000, 0.252684
2.850000, 0.253316
2.860000, 0.253947
2.870000, 0.254579
2.880000, 0.255211
2.890000, 0.255843
2.900000, 0.256475
2.910000, 0.257107
2.920000, 0.257740
2.930000, 0.258372
2.940000, 0.259005
2.950000, 0.259638
2.960000, 0.260271
2.970000, 0.260904
2.980000, 0.261537
2.990000, 0.262170
3.000000, 0.262803
3.010000, 0.263437
3.020000, 0.264070
3.030000, 0.264704
3.040000, 0.265338
3.050000, 0.265971
3.060000, 0.266605
3.070000, 0.267239
3.080000, 0.267873
3.090000, 0.268507
3.100000, 0.269141
3.110000, 0.269775
3.120000, 0.270409
3.130000, 0.271043
3.140000, 0.271677
3.150000, 0.272312
3.160000, 0.272946
3.170000, 0.273580
3.180000, 0.274214
3.190000, 0.274848
3.200000, 0.275482
3.210000, 0.276116
3.220000, 0.276750
3.230000, 0.277384
3.240000, 0.278018
3.250000, 0.278652
3.260000, 0.279286
3.270000, 0.279920
3.280000, 0.280554
3.290000, 0.281188
3.300000, 0.281821
3.310000, 0.282455
3.320000, 0.283088
3.330000, 0.283722
3.340000, 0.284355
3.350000, 0.284989
3.360000, 0.285622
3.370000, 0.286255
3.380000, 0.286888
3.390000, 0.287521
3.400000, 0.288153
3.410000, 0.288786
3.420000, 0.289418
3.430000, 0.290051
3.440000, 0.290683
3.450000, 0.291315
3.460000, 0.291947
3.470000, 0.292578
3.480000, 0.293210
3.490000, 0.293841
3.500000, 0.294473
3.510000, 0.295104
3.520000, 0.295735
3.530000, 0.296365
3.540000, 0.296996
3.550000, 0.297626
3.560000, 0.298256
3.570000, 0.298886
3.580000, 0.299516
3.590000, 0.300145
3.600000, 0.300774
3.610000, 0.301404
3.620000, 0.302032
3.630000, 0.302661
3.640000, 0.303289
3.650000, 0.303917
3.660000, 0.304545
3.670000, 0.305173
3.680000, 0.305800
3.690000, 0.306427
3.700000, 0.307054
3.710000, 0.307681
3.720000, 0.308307
3.730000, 0.308933
3.740000, 0.309559
3.750000, 0.310184
3.760000, 0.310809
3.770000, 0.311434
3.780000, 0.312058
3.790000, 0.312683
3.800000, 0.313306
3.810000, 0.313930
3.820000, 0.314553
3.830000, 0.315176
3.840000, 0.315799
3.850000, 0.316421
3.860000, 0.317043
3.870000, 0.317665
3.880000, 0.318286
3.890000, 0.318907
3.900000, 0.319527
3.910000, 0.320148
3.920000, 0.320767
3.930000, 0.321387
3.940000, 0.322006
3.950000, 0.322625
3.960000, 0.323243
3.970000, 0.323861
3.980000, 0.324479
3.990000, 0.325096
4.000000, 0.325713
4.010000, 0.326329
4.020000, 0.326945
4.030000, 0.327561
4.040000, 0.328176
4.050000, 0.328790
4.060000, 0.329405
4.070000, 0.330019
4.080000, 0.330632
4.090000, 0.331245
4.100000, 0.331858
4.110000, 0.332470
4.120000, 0.333082
4.130000, 0.333693
4.140000, 0.334304
4.150000, 0.334914
4.160000, 0.335524
4.170000, 0.336134
4.180000, 0.336743
4.190000, 0.337351
4.200000, 0.337959
4.210000, 0.338567
4.220000, 0.339174
4.230000, 0.339781
4.240000, 0.340387
4.250000, 0.340993
4.260000, 0.341598
4.270000, 0.342202
4.280000, 0.342807
4.290000, 0.343410
4.300000, 0.344013
4.310000, 0.344616
4.320000, 0.345218
4.330000, 0.345820
4.340000, 0.346421
4.350000, 0.347022
4.360000, 0.347622
4.370000, 0.348221
4.380000, 0.348820
4.390000, 0.349419
4.400000, 0.350017
4.410000, 0.350614
4.420000, 0.351211
4.430000, 0.351807
4.440000, 0.352403
4.450000, 0.352999
4.460000, 0.353593
4.470000, 0.354187
4.480000, 0.354781
4.490000, 0.355374
4.500000, 0.355966
4.510000, 0.356558
4.520000, 0.357149
4.530000, 0.357740
4.540000, 0.358330
4.550000, 0.358920
4.560000, 0.359509
4.570000, 0.360097
4.580000, 0.360685
4.590000, 0.361272
4.600000, 0.361859
4.610000, 0.362445
4.620000, 0.363030
4.630000, 0.363615
4.640000, 0.364199
4.650000, 0.364783
4.660000, 0.365366
4.670000, 0.365948
4.680000, 0.366530
4.690000, 0.367111
4.700000, 0.367692
4.710000, 0.368272
4.720000, 0.368851
4.730000, 0.369429
4.740000, 0.370007
4.750000, 0.370585
4.760000, 0.371162
4.770000, 0.371738
4.780000, 0.372313
4.790000, 0.372888
4.800000, 0.373462
4.810000, 0.374036
4.820000, 0.374609
4.830000, 0.375181
4.840000, 0.375753
4.850000, 0.376324
4.860000, 0.376894
4.870000, 0.377463
4.880000, 0.378032
4.890000, 0.378601
4.900000, 0.379168
4.910000, 0.379735
4.920000, 0.380302
4.930000, 0.380867
4.940000, 0.381432
4.950000, 0.381997
4.960000, 0.382560
4.970000, 0.383123
4.980000, 0.383685
4.990000, 0.384247
5.000000, 0.384808
5.010000, 0.385368
5.020000, 0.385928
5.030000, 0.386487
5.040000, 0.387045
5.050000, 0.387602
5.060000, 0.388159
5.070000, 0.388715
5.080000, 0.389270
5.090000, 0.389825
5.100000, 0.390379
5.110000, 0.390932
5.120000, 0.391485
5.130000, 0.392037
5.140000, 0.392588
5.150000, 0.393138
5.160000, 0.393688
5.170000, 0.394237
5.180000, 0.394785
5.190000, 0.395333
5.200000, 0.395880
5.210000, 0.396426
5.220000, 0.396971
5.230000, 0.397516
5.240000, 0.398060
5.250000, 0.398603
5.260000, 0.399146
5.270000, 0.399688
5.280000, 0.400229
5.290000, 0.400769
5.300000, 0.401309
5.310000, 0.401848
5.320000, 0.402386
5.330000, 0.402924
5.340000, 0.403460
5.350000, 0.403996
5.360000, 0.404532
5.370000, 0.405066
5.380000, 0.405600
5.390000, 0.406133
5.400000, 0.406665
5.410000, 0.407197
5.420000, 0.407728
5.430000, 0.408258
5.440000, 0.408787
5.450000, 0.409316
5.460000, 0.409843
5.470000, 0.410370
5.480000, 0.410897
5.490000, 0.411422
5.500000, 0.411947
5.510000, 0.412471
5.520000, 0.412995
5.530000, 0.413517
5.540000, 0.414039
5.550000, 0.414560
5.560000, 0.415080
5.570000, 0.415600
5.580000, 0.416119
5.590000, 0.416637
5.600000, 0.417154
5.610000, 0.417671
5.620000, 0.418186
5.630000, 0.418701
5.640000, 0.419216
5.650000, 0.419729
5.660000, 0.420242
5.670000, 0.420754
5.680000, 0.421265
5.690000, 0.421775
5.700000, 0.422285
5.710000, 0.422794
5.720000, 0.423302
5.730000, 0.423809
5.740000, 0.424316
5.750000, 0.424822
5.760000, 0.425327
5.770000, 0.425831
5.780000, 0.426335
5.790000, 0.426837
5.800000, 0.427339
5.810000, 0.427841
5.820000, 0.428341
5.830000, 0.428841
5.840000, 0.429339
5.850000, 0.429838
5.860000, 0.430335
5.870000, 0.430831
5.880000, 0.431327
5.890000, 0.431822
5.900000, 0.432316
5.910000, 0.432810
5.920000, 0.433303
5.930000, 0.433795
5.940000, 0.434286
5.950000, 0.434776
5.960000, 0.435266
5.970000, 0.435754
5.980000, 0.436242
5.990000, 0.436730
6.000000, 0.437216
6.010000, 0.437702
6.020000, 0.438187
6.030000, 0.438671
6.040000, 0.439154
6.050000, 0.439637
6.060000, 0.440119
6.070000, 0.440600
6.080000, 0.441080
6.090000, 0.441559
6.100000, 0.442038
6.110000, 0.442516
6.120000, 0.442993
6.130000, 0.443469
6.140000, 0.443945
6.150000, 0.444420
6.160000, 0.444894
6.170000, 0.445367
6.180000, 0.445840
6.190000, 0.446311
6.200000, 0.446782
6.210000, 0.447252
6.220000, 0.447722
6.230000, 0.448190
6.240000, 0.448658
6.250000, 0.449125
6.260000, 0.449591
6.270000, 0.450057
6.280000, 0.450521
6.290000, 0.450985
6.300000, 0.451448
6.310000, 0.451911
6.320000, 0.452372
6.330000, 0.452833
6.340000, 0.453293
6.350000, 0.453752
6.360000, 0.454211
6.370000, 0.454668
6.380000, 0.455125
6.390000, 0.455581
6.400000, 0.456036
6.410000, 0.456491
6.420000, 0.456945
6.430000, 0.457398
6.440000, 0.457850
6.450000, 0.458302
6.460000, 0.458752
6.470000, 0.459202
6.480000, 0.459651
6.490000, 0.460100
6.500000, 0.460547
6.510000, 0.460994
6.520000, 0.461440
6.530000, 0.461885
6.540000, 0.462330
6.550000, 0.462773
6.560000, 0.463216
6.570000, 0.463659
6.580000, 0.464100
6.590000, 0.464541
6.600000, 0.464980
6.610000, 0.465419
6.620000, 0.465858
6.630000, 0.466295
6.640000, 0.466732
6.650000, 0.467168
6.660000, 0.467603
6.670000, 0.468038
6.680000, 0.468472
6.690000, 0.468904
6.700000, 0.469337
6.710000, 0.469768
6.720000, 0.470199
6.730000, 0.470629
6.740000, 0.471058
6.750000, 0.471486
6.760000, 0.471914
6.770000, 0.472340
6.780000, 0.472767
6.790000, 0.473192
6.800000, 0.473616
6.810000, 0.474040
6.820000, 0.474463
6.830000, 0.474885
6.840000, 0.475307
6.850000, 0.475728
6.860000, 0.476148
6.870000, 0.476567
6.880000, 0.476985
6.890000, 0.477403
6.900000, 0.477820
6.910000, 0.478236
6.920000, 0.478652
6.930000, 0.479066
6.940000, 0.479480
6.950000, 0.479893
6.960000, 0.480306
6.970000, 0.480718
6.980000, 0.481128
6.990000, 0.481539
7.000000, 0.481948
7.010000, 0.482357
7.020000, 0.482765
7.030000, 0.483172
7.040000, 0.483578
7.050000, 0.483984
7.060000, 0.484389
7.070000, 0.484793
7.080000, 0.485197
7.090000, 0.485599
7.100000, 0.486001
7.110000, 0.486403
7.120000, 0.486803
7.130000, 0.487203
7.140000, 0.487602
7.150000, 0.488000
7.160000, 0.488398
7.170000, 0.488794
7.180000, 0.489190
7.190000, 0.489586
7.200000, 0.489980
7.210000, 0.490374
7.220000, 0.490767
7.230000, 0.491160
7.240000, 0.491551
7.250000, 0.491942
7.260000, 0.492332
7.270000, 0.492722
7.280000, 0.493111
7.290000, 0.493499
7.300000, 0.493886
7.310000, 0.494272
7.320000, 0.494658
7.330000, 0.495043
7.340000, 0.495428
7.350000, 0.495811
7.360000, 0.496194
7.370000, 0.496577
7.380000, 0.496958
7.390000, 0.497339
7.400000, 0.497719
7.410000, 0.498098
7.420000, 0.498477
7.430000, 0.498855
7.440000, 0.499232
7.450000, 0.499608
7.460000, 0.499984
7.470000, 0.500359
7.480000, 0.500733
7.490000, 0.501107
7.500000, 0.501480
7.510000, 0.501852
7.520000, 0.502224
7.530000, 0.502594
7.540000, 0.502964
7.550000, 0.503334
7.560000, 0.503702
7.570000, 0.504070
7.580000, 0.504438
7.590000, 0.504804
7.600000, 0.505170
7.610000, 0.505535
7.620000, 0.505899
7.630000, 0.506263
7.640000, 0.506626
7.650000, 0.506989
7.660000, 0.507350
7.670000, 0.507711
7.680000, 0.508071
7.690000, 0.508431
7.700000, 0.508790
7.710000, 0.509148
7.720000, 0.509505
7.730000, 0.509862
7.740000, 0.510218
7.750000, 0.510574
7.760000, 0.510928
7.770000, 0.511282
7.780000, 0.511636
7.790000, 0.511988
7.800000, 0.512340
7.810000, 0.512692
7.820000, 0.513042
7.830000, 0.513392
7.840000, 0.513742
7.850000, 0.514090
7.860000, 0.514438
7.870000, 0.514785
7.880000, 0.515132
7.890000, 0.515478
7.900000, 0.515823
7.910000, 0.516167
7.920000, 0.516511
7.930000, 0.516854
7.940000, 0.517197
7.950000, 0.517539
7.960000, 0.517880
7.970000, 0.518220
7.980000, 0.518560
7.990000, 0.518899
8.000000, 0.519238
8.010000, 0.519576
8.020000, 0.519913
8.030000, 0.520249
8.040000, 0.520585
8.050000, 0.520920
8.060000, 0.521255
8.070000, 0.521589
8.080000, 0.521922
8.090000, 0.522255
8.100000, 0.522586
8.110000, 0.522918
8.120000, 0.523248
8.130000, 0.523578
8.140000, 0.523908
8.150000, 0.524236
8.160000, 0.524564
8.170000, 0.524891
8.180000, 0.525218
8.190000, 0.525544
8.200000, 0.525870
8.210000, 0.526194
8.220000, 0.526519
8.230000, 0.526842
8.240000, 0.527165
8.250000, 0.527487
8.260000, 0.527809
8.270000, 0.528129
8.280000, 0.528450
8.290000, 0.528769
8.300000, 0.529088
8.310000, 0.529407
8.320000, 0.529725
8.330000, 0.530042
8.340000, 0.530358
8.350000, 0.530674
8.360000, 0.530989
8.370000, 0.531304
8.380000, 0.531618
8.390000, 0.531931
8.400000, 0.532244
8.410000, 0.532556
8.420000, 0.532867
8.430000, 0.533178
8.440000, 0.533488
8.450000, 0.533798
8.460000, 0.534107
8.470000, 0.534415
8.480000, 0.534723
8.490000, 0.535030
8.500000, 0.535337
8.510000, 0.535643
8.520000, 0.535948
8.530000, 0.536253
8.540000, 0.536557
8.550000, 0.536860
8.560000, 0.537163
8.570000, 0.537465
8.580000, 0.537767
8.590000, 0.538068
8.600000, 0.538368
8.610000, 0.538668
8.620000, 0.538967
8.630000, 0.539266
8.640000, 0.539564
8.650000, 0.539861
8.660000, 0.540158
8.670000, 0.540454
8.680000, 0.540750
8.690000, 0.541045
8.700000, 0.541340
8.710000, 0.541633
8.720000, 0.541927
8.730000, 0.542219
8.740000, 0.542511
8.750000, 0.542803
8.760000, 0.543094
8.770000, 0.543384
8.780000, 0.543674
8.790000, 0.543963
8.800000, 0.544251
8.810000, 0.544539
8.820000, 0.544827
8.830000, 0.545113
8.840000, 0.545400
8.850000, 0.545685
8.860000, 0.545970
8.870000, 0.546255
8.880000, 0.546539
8.890000, 0.546822
8.900000, 0.547105
8.910000, 0.547387
8.920000, 0.547669
8.930000, 0.547950
8.940000, 0.548230
8.950000, 0.548510
8.960000, 0.548789
8.970000, 0.549068
8.980000, 0.549346
8.990000, 0.549624
9.000000, 0.549901
9.010000, 0.550177
9.020000, 0.550453
9.030000, 0.550729
9.040000, 0.551003
9.050000, 0.551278
9.060000, 0.551551
9.070000, 0.551825
9.080000, 0.552097
9.090000, 0.552369
9.100000, 0.552641
9.110000, 0.552912
9.120000, 0.553182
9.130000, 0.553452
9.140000, 0.553721
9.150000, 0.553990
9.160000, 0.554258
9.170000, 0.554525
9.180000, 0.554793
9.190000, 0.555059
9.200000, 0.555325
9.210000, 0.555590
9.220000, 0.555855
9.230000, 0.556120
9.240000, 0.556384
9.250000, 0.556647
9.260000, 0.556910
9.270000, 0.557172
9.280000, 0.557433
9.290000, 0.557695
9.300000, 0.557955
9.310000, 0.558215
9.320000, 0.558475
9.330000, 0.558734
9.340000, 0.558992
9.350000, 0.559250
9.360000, 0.559508
9.370000, 0.559764
9.380000, 0.560021
9.390000, 0.560277
9.400000, 0.560532
9.410000, 0.560787
9.420000, 0.561041
9.430000, 0.561295
9.440000, 0.561548
9.450000, 0.561801
9.460000, 0.562053
9.470000, 0.562304
9.480000, 0.562555
9.490000, 0.562806
9.500000, 0.563056
9.510000, 0.563306
9.520000, 0.563555
9.530000, 0.563803
9.540000, 0.564052
9.550000, 0.564299
9.560000, 0.564546
9.570000, 0.564793
9.580000, 0.565039
9.590000, 0.565284
9.600000, 0.565529
9.610000, 0.565774
9.620000, 0.566018
9.630000, 0.566261
9.640000, 0.566504
9.650000, 0.566747
9.660000, 0.566989
9.670000, 0.567230
9.680000, 0.567471
9.690000, 0.567712
9.700000, 0.567952
9.710000, 0.568191
9.720000, 0.568430
9.730000, 0.568669
9.740000, 0.568907
9.750000, 0.569144
9.760000, 0.569381
9.770000, 0.569618
9.780000, 0.569854
9.790000, 0.570090
9.800000, 0.570325
9.810000, 0.570559
9.820000, 0.570793
9.830000, 0.571027
9.840000, 0.571260
9.850000, 0.571493
9.860000, 0.571725
9.870000, 0.571957
9.880000, 0.572188
9.890000, 0.572419
9.900000, 0.572649
9.910000, 0.572879
9.920000, 0.573108
9.930000, 0.573337
9.940000, 0.573566
9.950000, 0.573794
9.960000, 0.574021
9.970000, 0.574248
9.980000, 0.574475
9.990000, 0.574701
10.000000, 0.574926
10.010000, 0.575151
10.020000, 0.575376
10.030000, 0.575600
10.040000, 0.575824
10.050000, 0.576047
10.060000, 0.576270
10.070000, 0.576492
10.080000, 0.576714
10.090000, 0.576935
10.100000, 0.577156
10.110000, 0.577377
10.120000, 0.577597
10.130000, 0.577816
10.140000, 0.578036
10.150000, 0.578254
10.160000, 0.578472
10.170000, 0.578690
10.180000, 0.578907
10.190000, 0.579124
10.200000, 0.579341
10.210000, 0.579557
10.220000, 0.579772
10.230000, 0.579987
10.240000, 0.580202
10.250000, 0.580416
10.260000, 0.580630
10.270000, 0.580843
10.280000, 0.581056
10.290000, 0.581268
10.300000, 0.581480
10.310000, 0.581692
10.320000, 0.581903
10.330000, 0.582113
10.340000, 0.582324
10.350000, 0.582533
10.360000, 0.582743
10.370000, 0.582952
10.380000, 0.583160
10.390000, 0.583368
10.400000, 0.583576
10.410000, 0.583783
10.420000, 0.583990
10.430000, 0.584196
10.440000, 0.584402
10.450000, 0.584607
10.460000, 0.584812
10.470000, 0.585017
10.480000, 0.585221
10.490000, 0.585425
10.500000, 0.585628
10.510000, 0.585831
10.520000, 0.586034
10.530000, 0.586236
10.540000, 0.586437
10.550000, 0.586638
10.560000, 0.586839
10.570000, 0.587040
10.580000, 0.587240
10.590000, 0.587439
10.600000, 0.587638
10.610000, 0.587837
10.620000, 0.588035
10.630000, 0.588233
10.640000, 0.588431
10.650000, 0.588628
10.660000, 0.588824
10.670000, 0.589021
10.680000, 0.589216
10.690000, 0.589412
10.700000, 0.589607
10.710000, 0.589801
10.720000, 0.589996
10.730000, 0.590189
10.740000, 0.590383
10.750000, 0.590576
10.760000, 0.590768
10.770000, 0.590961
10.780000, 0.591152
10.790000, 0.591344
10.800000, 0.591535
10.810000, 0.591725
10.820000, 0.591916
10.830000, 0.592105
10.840000, 0.592295
10.850000, 0.592484
10.860000, 0.592673
10.870000, 0.592861
10.880000, 0.593049
10.890000, 0.593236
10.900000, 0.593423
10.910000, 0.593610
10.920000, 0.593796
10.930000, 0.593982
10.940000, 0.594167
10.950000, 0.594353
10.960000, 0.594537
10.970000, 0.594722
10.980000, 0.594906
10.990000, 0.595089
11.000000, 0.595272
11.010000, 0.595455
11.020000, 0.595638
11.030000, 0.595820
11.040000, 0.596001
11.050000, 0.596183
11.060000, 0.596363
11.070000, 0.596544
11.080000, 0.596724
11.090000, 0.596904
11.100000, 0.597083
11.110000, 0.597262
11.120000, 0.597441
11.130000, 0.597619
11.140000, 0.597797
11.150000, 0.597975
11.160000, 0.598152
11.170000, 0.598329
11.180000, 0.598505
11.190000, 0.598681
11.200000, 0.598857
11.210000, 0.599032
11.220000, 0.599207
11.230000, 0.599382
11.240000, 0.599556
11.250000, 0.599730
11.260000, 0.599903
11.270000, 0.600077
11.280000, 0.600249
11.290000, 0.600422
11.300000, 0.600594
11.310000, 0.600765
11.320000, 0.600937
11.330000, 0.601108
11.340000, 0.601278
11.350000, 0.601449
11.360000, 0.601619
11.370000, 0.601788
11.380000, 0.601957
11.390000, 0.602126
11.400000, 0.602295
11.410000, 0.602463
11.420000, 0.602631
11.430000, 0.602798
11.440000, 0.602965
11.450000, 0.603132
11.460000, 0.603298
11.470000, 0.603464
11.480000, 0.603630
11.490000, 0.603796
11.500000, 0.603961
11.510000, 0.604125
11.520000, 0.604290
11.530000, 0.604454
11.540000, 0.604617
11.550000, 0.604780
11.560000, 0.604943
11.570000, 0.605106
11.580000, 0.605268
11.590000, 0.605430
11.600000, 0.605592
11.610000, 0.605753
11.620000, 0.605914
11.630000, 0.606075
11.640000, 0.606235
11.650000, 0.606395
11.660000, 0.606554
11.670000, 0.606714
11.680000, 0.606873
11.690000, 0.607031
11.700000, 0.607189
11.710000, 0.607347
11.720000, 0.607505
11.730000, 0.607662
11.740000, 0.607819
11.750000, 0.607976
11.760000, 0.608132
11.770000, 0.608288
11.780000, 0.608444
11.790000, 0.608599
11.800000, 0.608754
11.810000, 0.608908
11.820000, 0.609063
11.830000, 0.609217
11.840000, 0.609370
11.850000, 0.609524
11.860000, 0.609677
11.870000, 0.609830
11.880000, 0.609982
11.890000, 0.610134
11.900000, 0.610286
11.910000, 0.610437
11.920000, 0.610588
11.930000, 0.610739
11.940000, 0.610890
11.950000, 0.611040
11.960000, 0.611190
11.970000, 0.611339
11.980000, 0.611489
11.990000, 0.611638
12.000000, 0.611786
12.010000, 0.611935
12.020000, 0.612083
12.030000, 0.612230
12.040000, 0.612378
12.050000, 0.612525
12.060000, 0.612671
12.070000, 0.612818
12.080000, 0.612964
12.090000, 0.613110
12.100000, 0.613256
12.110000, 0.613401
12.120000, 0.613546
12.130000, 0.613690
12.140000, 0.613835
12.150000, 0.613979
12.160000, 0.614122
12.170000, 0.614266
12.180000, 0.614409
12.190000, 0.614552
12.200000, 0.614694
12.210000, 0.614837
12.220000, 0.614979
12.230000, 0.615120
12.240000, 0.615262
12.250000, 0.615403
12.260000, 0.615543
12.270000, 0.615684
12.280000, 0.615824
12.290000, 0.615964
12.300000, 0.616103
12.310000, 0.616243
12.320000, 0.616382
12.330000, 0.616520
12.340000, 0.616659
12.350000, 0.616797
12.360000, 0.616935
12.370000, 0.617072
12.380000, 0.617210
12.390000, 0.617347
12.400000, 0.617483
12.410000, 0.617620
12.420000, 0.617756
12.430000, 0.617892
12.440000, 0.618027
12.450000, 0.618162
12.460000, 0.618297
12.470000, 0.618432
12.480000, 0.618567
12.490000, 0.618701
12.500000, 0.618835
12.510000, 0.618968
12.520000, 0.619101
12.530000, 0.619234
12.540000, 0.619367
12.550000, 0.619500
12.560000, 0.619632
12.570000, 0.619764
12.580000, 0.619895
12.590000, 0.620027
12.600000, 0.620158
12.610000, 0.620289
12.620000, 0.620419
12.630000, 0.620550
12.640000, 0.620680
12.650000, 0.620809
12.660000, 0.620939
12.670000, 0.621068
12.680000, 0.621197
12.690000, 0.621325
12.700000, 0.621454
12.710000, 0.621582
12.720000, 0.621710
12.730000, 0.621837
12.740000, 0.621965
12.750000, 0.622092
12.760000, 0.622218
12.770000, 0.622345
12.780000, 0.622471
12.790000, 0.622597
12.800000, 0.622723
12.810000, 0.622848
12.820000, 0.622974
12.830000, 0.623099
12.840000, 0.623223
12.850000, 0.623348
12.860000, 0.623472
12.870000, 0.623596
12.880000, 0.623719
12.890000, 0.623843
12.900000, 0.623966
12.910000, 0.624089
12.920000, 0.624211
12.930000, 0.624334
12.940000, 0.624456
12.950000, 0.624577
12.960000, 0.624699
12.970000, 0.624820
12.980000, 0.624941
12.990000, 0.625062
13.000000, 0.625183
13.010000, 0.625303
13.020000, 0.625423
13.030000, 0.625543
13.040000, 0.625663
13.050000, 0.625782
13.060000, 0.625901
13.070000, 0.626020
13.080000, 0.626138
13.090000, 0.626257
13.100000, 0.626375
13.110000, 0.626493
13.120000, 0.626610
13.130000, 0.626728
13.140000, 0.626845
13.150000, 0.626961
13.160000, 0.627078
13.170000, 0.627194
13.180000, 0.627311
13.190000, 0.627426
13.200000, 0.627542
13.210000, 0.627657
13.220000, 0.627773
13.230000, 0.627887
13.240000, 0.628002
13.250000, 0.628117
13.260000, 0.628231
13.270000, 0.628345
13.280000, 0.628458
13.290000, 0.628572
13.300000, 0.628685
13.310000, 0.628798
13.320000, 0.628911
13.330000, 0.629023
13.340000, 0.629136
13.350000, 0.629248
13.360000, 0.629360
13.370000, 0.629471
13.380000, 0.629583
13.390000, 0.629694
13.400000, 0.629805
13.410000, 0.629915
13.420000, 0.630026
13.430000, 0.630136
13.440000, 0.630246
13.450000, 0.630356
13.460000, 0.630465
13.470000, 0.630574
13.480000, 0.630684
13.490000, 0.630792
13.500000, 0.630901
13.510000, 0.631009
13.520000, 0.631117
13.530000, 0.631225
13.540000, 0.631333
13.550000, 0.631441
13.560000, 0.631548
13.570000, 0.631655
13.580000, 0.631762
13.590000, 0.631868
13.600000, 0.631975
13.610000, 0.632081
13.620000, 0.632187
13.630000, 0.632292
13.640000, 0.632398
13.650000, 0.632503
13.660000, 0.632608
13.670000, 0.632713
13.680000, 0.632818
13.690000, 0.632922
13.700000, 0.633026
13.710000, 0.633130
13.720000, 0.633234
13.730000, 0.633337
13.740000, 0.633441
13.750000, 0.633544
13.760000, 0.633647
13.770000, 0.633749
13.780000, 0.633852
13.790000, 0.633954
13.800000, 0.634056
13.810000, 0.634158
13.820000, 0.634259
13.830000, 0.634361
13.840000, 0.634462
13.850000, 0.634563
13.860000, 0.634663
13.870000, 0.634764
13.880000, 0.634864
13.890000, 0.634964
13.900000, 0.635064
13.910000, 0.635164
13.920000, 0.635263
13.930000, 0.635363
13.940000, 0.635462
13.950000, 0.635561
13.960000, 0.635659
13.970000, 0.635758
13.980000, 0.635856
13.990000, 0.635954
14.000000, 0.636052
14.010000, 0.636150
14.020000, 0.636247
14.030000, 0.636344
14.040000, 0.636441
14.050000, 0.636538
14.060000, 0.636635
14.070000, 0.636731
14.080000, 0.636827
14.090000, 0.636923
14.100000, 0.637019
14.110000, 0.637115
14.120000, 0.637210
14.130000, 0.637305
14.140000, 0.637400
14.150000, 0.637495
14.160000, 0.637590
14.170000, 0.637684
14.180000, 0.637779
14.190000, 0.637873
14.200000, 0.637966
14.210000, 0.638060
14.220000, 0.638154
14.230000, 0.638247
14.240000, 0.638340
14.250000, 0.638433
14.260000, 0.638525
14.270000, 0.638618
14.280000, 0.638710
14.290000, 0.638802
14.300000, 0.638894
14.310000, 0.638986
14.320000, 0.639077
14.330000, 0.639169
14.340000, 0.639260
14.350000, 0.639351
14.360000, 0.639442
14.370000, 0.639532
14.380000, 0.639623
14.390000, 0.639713
14.400000, 0.639803
14.410000, 0.639893
14.420000, 0.639982
14.430000, 0.640072
14.440000, 0.640161
14.450000, 0.640250
14.460000, 0.640339
14.470000, 0.640428
14.480000, 0.640516
14.490000, 0.640605
14.500000, 0.640693
14.510000, 0.640781
14.520000, 0.640868
14.530000, 0.640956
14.540000, 0.641043
14.550000, 0.641131
14.560000, 0.641218
14.570000, 0.641305
14.580000, 0.641391
14.590000, 0.641478
14.600000, 0.641564
14.610000, 0.641650
14.620000, 0.641736
14.630000, 0.641822
14.640000, 0.641908
14.650000, 0.641993
14.660000, 0.642078
14.670000, 0.642163
14.680000, 0.642248
14.690000, 0.642333
14.700000, 0.642418
14.710000, 0.642502
14.720000, 0.642586
14.730000, 0.642670
14.740000, 0.642754
14.750000, 0.642838
14.760000, 0.642921
14.770000, 0.643005
14.780000, 0.643088
14.790000, 0.643171
14.800000, 0.643254
14.810000, 0.643336
14.820000, 0.643419
14.830000, 0.643501
14.840000, 0.643583
14.850000, 0.643665
14.860000, 0.643747
14.870000, 0.643829
14.880000, 0.643910
14.890000, 0.643991
14.900000, 0.644072
14.910000, 0.644153
14.920000, 0.644234
14.930000, 0.644315
14.940000, 0.644395
14.950000, 0.644475
14.960000, 0.644555
14.970000, 0.644635
14.980000, 0.644715
14.990000, 0.644795
15.000000, 0.644874
15.010000, 0.644953
15.020000, 0.645033
15.030000, 0.645112
15.040000, 0.645190
15.050000, 0.645269
15.060000, 0.645347
15.070000, 0.645426
15.080000, 0.645504
15.090000, 0.645582
15.100000, 0.645660
15.110000, 0.645737
15.120000, 0.645815
15.130000, 0.645892
15.140000, 0.645969
15.150000, 0.646046
15.160000, 0.646123
15.170000, 0.646200
15.180000, 0.646276
15.190000, 0.646353
15.200000, 0.646429
15.210000, 0.646505
15.220000, 0.646581
15.230000, 0.646656
15.240000, 0.646732
15.250000, 0.646807
15.260000, 0.646883
15.270000, 0.646958
15.280000, 0.647033
15.290000, 0.647107
15.300000, 0.647182
15.310000, 0.647257
15.320000, 0.647331
15.330000, 0.647405
15.340000, 0.647479
15.350000, 0.647553
15.360000, 0.647627
15.370000, 0.647700
15.380000, 0.647774
15.390000, 0.647847
15.400000, 0.647920
15.410000, 0.647993
15.420000, 0.648066
15.430000, 0.648138
15.440000, 0.648211
15.450000, 0.648283
15.460000, 0.648355
15.470000, 0.648427
15.480000, 0.648499
15.490000, 0.648571
15.500000, 0.648643
15.510000, 0.648714
15.520000, 0.648785
15.530000, 0.648856
15.540000, 0.648927
15.550000, 0.648998
15.560000, 0.649069
15.570000, 0.649140
15.580000, 0.649210
15.590000, 0.649280
15.600000, 0.649350
15.610000, 0.649420
15.620000, 0.649490
15.630000, 0.649560
15.640000, 0.649629
15.650000, 0.649699
15.660000, 0.649768
15.670000, 0.649837
15.680000, 0.649906
15.690000, 0.649975
15.700000, 0.650044
15.710000, 0.650112
15.720000, 0.650181
15.730000, 0.650249
15.740000, 0.650317
15.750000, 0.650385
15.760000, 0.650453
15.770000, 0.650520
15.780000, 0.650588
15.790000, 0.650655
15.800000, 0.650723
15.810000, 0.650790
15.820000, 0.650857
15.830000, 0.650924
15.840000, 0.650990
15.850000, 0.651057
15.860000, 0.651123
15.870000, 0.651190
15.880000, 0.651256
15.890000, 0.651322
15.900000, 0.651388
15.910000, 0.651453
15.920000, 0.651519
15.930000, 0.651584
15.940000, 0.651650
15.950000, 0.651715
15.960000, 0.651780
15.970000, 0.651845
15.980000, 0.651910
15.990000, 0.651975
16.000000, 0.652039
16.010000, 0.652103
16.020000, 0.652168
16.030000, 0.652232
16.040000, 0.652296
16.050000, 0.652360
16.060000, 0.652423
16.070000, 0.652487
16.080000, 0.652551
16.090000, 0.652614
16.100000, 0.652677
16.110000, 0.652740
16.120000, 0.652803
16.130000, 0.652866
16.140000, 0.652929
16.150000, 0.652991
16.160000, 0.653054
16.170000, 0.653116
16.180000, 0.653178
16.190000, 0.653240
16.200000, 0.653302
16.210000, 0.653364
16.220000, 0.653425
16.230000, 0.653487
16.240000, 0.653548
16.250000, 0.653610
16.260000, 0.653671
16.270000, 0.653732
16.280000, 0.653793
16.290000, 0.653853
16.300000, 0.653914
16.310000, 0.653975
16.320000, 0.654035
16.330000, 0.654095
16.340000, 0.654155
16.350000, 0.654215
16.360000, 0.654275
16.370000, 0.654335
16.380000, 0.654395
16.390000, 0.654454
16.400000, 0.654514
16.410000, 0.654573
16.420000, 0.654632
16.430000, 0.654691
16.440000, 0.654750
16.450000, 0.654809
16.460000, 0.654867
16.470000, 0.654926
16.480000, 0.654984
16.490000, 0.655043
16.500000, 0.655101
16.510000, 0.655159
16.520000, 0.655217
16.530000, 0.655275
16.540000, 0.655332
16.550000, 0.655390
16.560000, 0.655447
16.570000, 0.655505
16.580000, 0.655562
16.590000, 0.655619
16.600000, 0.655676
16.610000, 0.655733
16.620000, 0.655790
16.630000, 0.655846
16.640000, 0.655903
16.650000, 0.655959
16.660000, 0.656015
16.670000, 0.656072
16.680000, 0.656128
16.690000, 0.656184
16.700000, 0.656239
16.710000, 0.656295
16.720000, 0.656351
16.730000, 0.656406
16.740000, 0.656462
16.750000, 0.656517
16.760000, 0.656572
16.770000, 0.656627
16.780000, 0.656682
16.790000, 0.656737
16.800000, 0.656791
16.810000, 0.656846
16.820000, 0.656900
16.830000, 0.656955
16.840000, 0.657009
16.850000, 0.657063
16.860000, 0.657117
16.870000, 0.657171
16.880000, 0.657225
16.890000, 0.657278
16.900000, 0.657332
16.910000, 0.657385
16.920000, 0.657439
16.930000, 0.657492
16.940000, 0.657545
16.950000, 0.657598
16.960000, 0.657651
16.970000, 0.657704
16.980000, 0.657756
16.990000, 0.657809
17.000000, 0.657861
17.010000, 0.657914
17.020000, 0.657966
17.030000, 0.658018
17.040000, 0.658070
17.050000, 0.658122
17.060000, 0.658174
17.070000, 0.658225
17.080000, 0.658277
17.090000, 0.658329
17.100000, 0.658380
17.110000, 0.658431
17.120000, 0.658482
17.130000, 0.658533
17.140000, 0.658584
17.150000, 0.658635
17.160000, 0.658686
17.170000, 0.658737
17.180000, 0.658787
17.190000, 0.658838
17.200000, 0.658888
17.210000, 0.658938
17.220000, 0.658988
17.230000, 0.659038
17.240000, 0.659088
17.250000, 0.659138
17.260000, 0.659188
17.270000, 0.659237
17.280000, 0.659287
17.290000, 0.659336
17.300000, 0.659386
17.310000, 0.659435
17.320000, 0.659484
17.330000, 0.659533
17.340000, 0.659582
17.350000, 0.659631
17.360000, 0.659679
17.370000, 0.659728
17.380000, 0.659776
17.390000, 0.659825
17.400000, 0.659873
17.410000, 0.659921
17.420000, 0.659969
17.430000, 0.660017
17.440000, 0.660065
17.450000, 0.660113
17.460000, 0.660161
17.470000, 0.660208
17.480000, 0.660256
17.490000, 0.660303
17.500000, 0.660350
17.510000, 0.660398
17.520000, 0.660445
17.530000, 0.660492
17.540000, 0.660539
17.550000, 0.660585
17.560000, 0.660632
17.570000, 0.660679
17.580000, 0.660725
17.590000, 0.660772
17.600000, 0.660818
17.610000, 0.660864
17.620000, 0.660911
17.630000, 0.660957
17.640000, 0.661003
17.650000, 0.661048
17.660000, 0.661094
17.670000, 0.661140
17.680000, 0.661185
17.690000, 0.661231
17.700000, 0.661276
17.710000, 0.661322
17.720000, 0.661367
17.730000, 0.661412
17.740000, 0.661457
17.750000, 0.661502
17.760000, 0.661547
17.770000, 0.661591
17.780000, 0.661636
17.790000, 0.661681
17.800000, 0.661725
17.810000, 0.661769
17.820000, 0.661814
17.830000, 0.661858
17.840000, 0.661902
17.850000, 0.661946
17.860000, 0.661990
17.870000, 0.662034
17.880000, 0.662077
17.890000, 0.662121
17.900000, 0.662165
17.910000, 0.662208
17.920000, 0.662251
17.930000, 0.662295
17.940000, 0.662338
17.950000, 0.662381
17.960000, 0.662424
17.970000, 0.662467
17.980000, 0.662510
17.990000, 0.662553
18.000000, 0.662595
18.010000, 0.662638
18.020000, 0.662680
18.030000, 0.662723
18.040000, 0.662765
18.050000, 0.662807
18.060000, 0.662849
18.070000, 0.662891
18.080000, 0.662933
18.090000, 0.662975
18.100000, 0.663017
18.110000, 0.663059
18.120000, 0.663100
18.130000, 0.663142
18.140000, 0.663183
18.150000, 0.663225
18.160000, 0.663266
18.170000, 0.663307
18.180000, 0.663348
18.190000, 0.663389
18.200000, 0.663430
18.210000, 0.663471
18.220000, 0.663512
18.230000, 0.663553
18.240000, 0.663593
18.250000, 0.663634
18.260000, 0.663674
18.270000, 0.663714
18.280000, 0.663755
18.290000, 0.663795
18.300000, 0.663835
18.310000, 0.663875
18.320000, 0.663915
18.330000, 0.663955
18.340000, 0.663995
18.350000, 0.664034
18.360000, 0.664074
18.370000, 0.664113
18.380000, 0.664153
18.390000, 0.664192
18.400000, 0.664231
18.410000, 0.664271
18.420000, 0.664310
18.430000, 0.664349
18.440000, 0.664388
18.450000, 0.664427
18.460000, 0.664465
18.470000, 0.664504
18.480000, 0.664543
18.490000, 0.664581
18.500000, 0.664620
18.510000, 0.664658
18.520000, 0.664697
18.530000, 0.664735
18.540000, 0.664773
18.550000, 0.664811
18.560000, 0.664849
18.570000, 0.664887
18.580000, 0.664925
18.590000, 0.664963
18.600000, 0.665000
18.610000, 0.665038
18.620000, 0.665075
18.630000, 0.665113
18.640000, 0.665150
18.650000, 0.665188
18.660000, 0.665225
18.670000, 0.665262
18.680000, 0.665299
18.690000, 0.665336
18.700000, 0.665373
18.710000, 0.665410
18.720000, 0.665447
18.730000, 0.665483
18.740000, 0.665520
18.750000, 0.665557
18.760000, 0.665593
18.770000, 0.665629
18.780000, 0.665666
18.790000, 0.665702
18.800000, 0.665738
18.810000, 0.665774
18.820000, 0.665810
18.830000, 0.665846
18.840000, 0.665882
18.850000, 0.665918
18.860000, 0.665954
18.870000, 0.665989
18.880000, 0.666025
18.890000, 0.666060
18.900000, 0.666096
18.910000, 0.666131
18.920000, 0.666166
18.930000, 0.666202
18.940000, 0.666237
18.950000, 0.666272
18.960000, 0.666307
18.970000, 0.666342
18.980000, 0.666377
18.990000, 0.666411
19.000000, 0.666446
19.010000, 0.666481
19.020000, 0.666515
19.030000, 0.666550
19.040000, 0.666584
19.050000, 0.666619
19.060000, 0.666653
19.070000, 0.666687
19.080000, 0.666721
19.090000, 0.666755
19.100000, 0.666789
19.110000, 0.666823
19.120000, 0.666857
19.130000, 0.666891
19.140000, 0.666925
19.150000, 0.666958
19.160000, 0.666992
19.170000, 0.667025
19.180000, 0.667059
19.190000, 0.667092
19.200000, 0.667126
19.210000, 0.667159
19.220000, 0.667192
19.230000, 0.667225
19.240000, 0.667258
19.250000, 0.667291
19.260000, 0.667324
19.270000, 0.667357
19.280000, 0.667390
19.290000, 0.667422
19.300000, 0.667455
19.310000, 0.667488
19.320000, 0.667520
19.330000, 0.667553
19.340000, 0.667585
19.350000, 0.667617
19.360000, 0.667649
19.370000, 0.667682
19.380000, 0.667714
19.390000, 0.667746
19.400000, 0.667778
19.410000, 0.667810
19.420000, 0.667841
19.430000, 0.667873
19.440000, 0.667905
19.450000, 0.667937
19.460000, 0.667968
19.470000, 0.668000
19.480000, 0.668031
19.490000, 0.668062
19.500000, 0.668094
19.510000, 0.668125
19.520000, 0.668156
19.530000, 0.668187
19.540000, 0.668218
19.550000, 0.668249
19.560000, 0.668280
19.570000, 0.668311
19.580000, 0.668342
19.590000, 0.668373
19.600000, 0.668403
19.610000, 0.668434
19.620000, 0.668465
19.630000, 0.668495
19.640000, 0.668526
19.650000, 0.668556
19.660000, 0.668586
19.670000, 0.668616
19.680000, 0.668647
19.690000, 0.668677
19.700000, 0.668707
19.710000, 0.668737
19.720000, 0.668767
19.730000, 0.668797
19.740000, 0.668826
19.750000, 0.668856
19.760000, 0.668886
19.770000, 0.668915
19.780000, 0.668945
19.790000, 0.668975
19.800000, 0.669004
19.810000, 0.669033
19.820000, 0.669063
19.830000, 0.669092
19.840000, 0.669121
19.850000, 0.669150
19.860000, 0.669179
19.870000, 0.669208
19.880000, 0.669237
19.890000, 0.669266
19.900000, 0.669295
19.910000, 0.669324
19.920000, 0.669353
19.930000, 0.669381
19.940000, 0.669410
19.950000, 0.669438
19.960000, 0.669467
19.970000, 0.669495
19.980000, 0.669524
19.990000, 0.669552
20.000000, 0.669580
